archivo,ecc,mse_before,mse_after,salida
2016-06-14-00_00_2016-06-14-23_59_Sentinel-1_EW_VV_VV_-_linear_gamma0_scaled.tiff,0.9046965406291915,669.5205334198572,638.912307073329,C:\Users\Sebastian-EDU\Documents\GitHub\ComputerVisionIA\CV_GuideThree\registered\2016-06-14-00_00_2016-06-14-23_59_Sentinel-1_EW_VV_VV_-_linear_gamma0_scaled_registered.tiff
2016-07-08-00_00_2016-07-08-23_59_Sentinel-1_EW_VV_VV_-_linear_gamma0_scaled.tiff,0.9053170016529121,705.0209759896171,699.9017121349773,C:\Users\Sebastian-EDU\Documents\GitHub\ComputerVisionIA\CV_GuideThree\registered\2016-07-08-00_00_2016-07-08-23_59_Sentinel-1_EW_VV_VV_-_linear_gamma0_scaled_registered.tiff
2016-07-20-00_00_2016-07-20-23_59_Sentinel-1_EW_VV_VV_-_linear_gamma0_scaled.tiff,0.9072718789294252,1036.7252794289423,1038.21298247891,C:\Users\Sebastian-EDU\Documents\GitHub\ComputerVisionIA\CV_GuideThree\registered\2016-07-20-00_00_2016-07-20-23_59_Sentinel-1_EW_VV_VV_-_linear_gamma0_scaled_registered.tiff
2016-07-26-00_00_2016-07-26-23_59_Sentinel-1_EW_VV_VV_-_linear_gamma0_scaled.tiff,0.37810605972574296,3569.236181440623,4116.920993380922,C:\Users\Sebastian-EDU\Documents\GitHub\ComputerVisionIA\CV_GuideThree\registered\2016-07-26-00_00_2016-07-26-23_59_Sentinel-1_EW_VV_VV_-_linear_gamma0_scaled_registered.tiff
2016-08-13-00_00_2016-08-13-23_59_Sentinel-1_EW_VV_VV_-_linear_gamma0_scaled.tiff,0.900767693873564,627.3690055807917,617.6684511356262,C:\Users\Sebastian-EDU\Documents\GitHub\ComputerVisionIA\CV_GuideThree\registered\2016-08-13-00_00_2016-08-13-23_59_Sentinel-1_EW_VV_VV_-_linear_gamma0_scaled_registered.tiff
2016-08-19-00_00_2016-08-19-23_59_Sentinel-1_EW_VV_VV_-_linear_gamma0_scaled.tiff,0.40740111922398753,3548.8553440622973,3422.829698118105,C:\Users\Sebastian-EDU\Documents\GitHub\ComputerVisionIA\CV_GuideThree\registered\2016-08-19-00_00_2016-08-19-23_59_Sentinel-1_EW_VV_VV_-_linear_gamma0_scaled_registered.tiff
2016-08-25-00_00_2016-08-25-23_59_Sentinel-1_EW_VV_VV_-_linear_gamma0_scaled.tiff,0.884112243186902,861.3651584685269,815.8244134977288,C:\Users\Sebastian-EDU\Documents\GitHub\ComputerVisionIA\CV_GuideThree\registered\2016-08-25-00_00_2016-08-25-23_59_Sentinel-1_EW_VV_VV_-_linear_gamma0_scaled_registered.tiff
2016-09-06-00_00_2016-09-06-23_59_Sentinel-1_EW_VV_VV_-_linear_gamma0_scaled.tiff,0.9081546627953508,1048.5676986372484,1046.577615055159,C:\Users\Sebastian-EDU\Documents\GitHub\ComputerVisionIA\CV_GuideThree\registered\2016-09-06-00_00_2016-09-06-23_59_Sentinel-1_EW_VV_VV_-_linear_gamma0_scaled_registered.tiff
2016-09-12-00_00_2016-09-12-23_59_Sentinel-1_EW_VV_VV_-_linear_gamma0_scaled.tiff,0.3809951795052106,3655.683615055159,3634.4448101232965,C:\Users\Sebastian-EDU\Documents\GitHub\ComputerVisionIA\CV_GuideThree\registered\2016-09-12-00_00_2016-09-12-23_59_Sentinel-1_EW_VV_VV_-_linear_gamma0_scaled_registered.tiff
