archivo,PSNR_noisy,PSNR_swinir,SSIM_noisy,SSIM_swinir,ENL_noisy,ENL_swinir,ENL_gtruth
5120_0.tiff,26.457188982369303,26.7966985506694,0.9433228641351402,0.8989141710710703,0.041637138,0.051910542,0.052717935
5120_1024.tiff,19.860275937047028,21.40484452304854,0.4210354660932517,0.5043690920138735,13.804265,18.262722,31.315302
5120_10240.tiff,20.264295740028576,21.309745048184396,0.742203554751284,0.7806091164282439,6.7889643,7.514139,8.334278
5120_10752.tiff,20.072349930668327,21.24925221985539,0.6799842929961868,0.7375516900182051,6.1222396,6.9049025,8.736448
5120_11264.tiff,20.449038542471477,22.115082793038052,0.5258269101149587,0.6251283169541225,8.713431,10.82813,13.849981
5120_11776.tiff,20.398601819003005,21.96797960979319,0.6183167448218388,0.6977147550451377,6.527755,7.64142,9.693762
5120_12288.tiff,20.895457992989677,22.841107583207766,0.49786666466320756,0.6165073070093953,4.874813,5.6719623,8.55879
5120_12800.tiff,20.212911074689114,22.193743206639457,0.504570825833459,0.6049299114105595,8.464452,10.897858,16.082687
5120_13312.tiff,20.72577497885504,23.054292844858374,0.45666650242780527,0.5812873947716487,10.678371,15.373216,23.12079
5120_13824.tiff,21.151348350891013,23.703129954143115,0.4735102340818707,0.6061417989823259,9.824936,13.976209,21.807474
5120_14336.tiff,21.420377233358998,23.769093935761127,0.5035518864387512,0.6493047587121552,5.2108507,6.350491,9.519403
5120_14848.tiff,21.73820312936986,23.850746249262432,0.5851833284184947,0.7217667221641297,3.1086996,3.526293,5.18008
5120_1536.tiff,19.982993160494292,21.593841760818343,0.420481217574707,0.502003726561399,14.117402,18.591787,30.80488
5120_15360.tiff,22.52746946740334,24.953861346930086,0.5569607012637853,0.7326944160858526,2.6450078,2.9654748,4.097195
5120_15872.tiff,21.623511785451637,23.617771518184412,0.6099291980605811,0.743046229915244,3.1141891,3.4804592,4.545022
5120_16384.tiff,21.88758925274273,24.07171075210062,0.5576512124292771,0.6922527193264567,4.6637754,5.496571,6.96697
5120_16896.tiff,22.711169926342237,25.1877783458632,0.5548008326590533,0.6920775596857782,4.7133975,5.596344,6.8549976
5120_17408.tiff,22.438310041810638,24.823538624642364,0.5595965197844346,0.6733114738747709,6.9780703,8.836108,10.945074
5120_17920.tiff,22.110634606272836,24.49331203642221,0.4975874801708011,0.6177406063091911,9.674768,13.135119,17.44629
5120_18432.tiff,22.54419840925231,24.654520657856438,0.5826142733362943,0.6838165869515612,6.5010424,7.9717946,9.949435
5120_18944.tiff,23.57468346921501,25.78643438472938,0.5993635358250174,0.7281279617024187,3.845123,4.3830585,4.519024
5120_19456.tiff,22.993906635899847,24.899051422811308,0.5991571978230958,0.7224441524841451,4.1905966,4.7917247,4.9099846
5120_19968.tiff,23.84181288312266,25.93016322553815,0.6188815783006983,0.7538739559703299,3.0501103,3.411559,3.4808385
5120_2048.tiff,19.645801696642785,21.121947838927774,0.3922159450666936,0.48744579411923994,14.537439,19.316706,34.67449
5120_20480.tiff,23.527724080842862,25.575455703613073,0.594788743093643,0.7330542346250879,3.7753365,4.2977505,4.1185713
5120_20992.tiff,22.843361476574565,25.02103655006867,0.5475908296343608,0.6520492452819391,8.33791,10.741569,12.114268
5120_21504.tiff,22.84693633790406,25.34098770604398,0.48605006464168454,0.6098206779388606,12.903793,19.207071,23.219017
5120_22016.tiff,22.848154282295518,25.232952153267057,0.5033936185020775,0.6398861316638931,10.080953,13.759218,17.039452
5120_22528.tiff,22.787262210070814,25.191581935237277,0.48300241607572353,0.6319492272803688,11.620765,16.672718,23.427614
5120_23040.tiff,23.828809691667846,26.207028435663897,0.5726109359314911,0.7199135727686311,4.6800346,5.4956884,6.4085855
5120_23552.tiff,22.623447973053064,24.81774694738627,0.4893439950745491,0.6498811017806826,8.043285,10.425875,13.665512
5120_24064.tiff,22.268007695475966,24.485363588572152,0.46232848941692645,0.6194942839149975,9.52715,12.90075,16.837873
5120_24576.tiff,23.32378987445749,26.181244905821014,0.4694505131633296,0.6425720359623763,11.085805,16.262497,20.321762
5120_25088.tiff,23.494556738210015,25.39858831913697,0.5717674623965697,0.7487448035642532,3.268922,3.7437458,4.380672
5120_2560.tiff,19.761412757307607,21.118881030637915,0.49860148498383,0.5781875571801833,10.171932,12.320827,16.66024
5120_3072.tiff,19.627472261414656,20.826517401100798,0.6062214943666644,0.6677110548343936,8.750928,10.213904,11.936608
5120_3584.tiff,19.85975993796249,21.039947532591174,0.6297978186361222,0.6880129724246983,7.792711,8.948207,9.989486
5120_4096.tiff,19.260160384509774,20.19250049919258,0.6653015437612126,0.7124720131852105,6.826416,7.4747086,7.439898
5120_4608.tiff,19.816799700244694,20.715648295666572,0.7261979261696558,0.7589488133908672,7.2439075,7.880736,8.0053
5120_512.tiff,18.93585504330556,20.205181569453252,0.40465480058950454,0.48366297284268406,12.437747,15.706008,30.36852
5120_5120.tiff,19.60253559264149,20.345595007183196,0.7340951559741691,0.7620633261968622,7.745617,8.323143,7.838345
5120_5632.tiff,19.93106345797717,20.705065974815867,0.7531480531660144,0.7788314501494139,8.327688,9.190751,8.98184
5120_6144.tiff,20.305899007528083,21.201450088582725,0.7306025558178434,0.7611346933472434,8.6212,9.7681675,9.967508
5120_6656.tiff,20.121616065754544,20.740811137942057,0.7867317199841639,0.806541489096282,7.48479,8.19406,7.650915
5120_7168.tiff,20.139885845927207,20.742331522967994,0.7816243359526939,0.8008506064137815,7.505479,8.262624,7.8157835
5120_7680.tiff,20.190699634480506,21.33302166547718,0.5757699766859982,0.6389354563752717,10.26064,12.490597,14.638323
5120_8192.tiff,20.566877115783665,21.789857165951535,0.5837441074037737,0.6447559493395275,10.466788,12.691114,13.012021
5120_8704.tiff,20.87659900883913,21.94720294453173,0.7060497413434368,0.7466528496607829,7.959696,9.067618,9.560157
5120_9216.tiff,20.517250444655872,21.557026272283046,0.6880122238755861,0.7388789662109211,6.543586,7.252078,7.619745
5120_9728.tiff,20.832504884254007,22.058639948521424,0.6905685420839831,0.7453524473330786,6.6649785,7.5075755,8.721774
5632_0.tiff,26.634413816797434,26.975689209093204,0.9423175923214357,0.8984633825192139,0.041492276,0.052323468,0.054725304
5632_1024.tiff,19.03585525458397,20.281677533364185,0.42238127671790554,0.49590246021927076,12.083002,15.205773,26.616438
5632_10240.tiff,20.67809603191109,21.89472357288,0.6882400711876461,0.7378010766872612,7.6165056,8.743376,10.13637
5632_10752.tiff,20.37184804583179,21.639132749636598,0.6582888651803899,0.7152543752260134,8.123182,9.490456,11.014041
5632_11264.tiff,20.430590410453217,22.040467647663974,0.5217485830982174,0.622383431099313,9.413979,11.969441,15.397264
5632_11776.tiff,20.88960128415377,22.724104854303135,0.5629984157936048,0.6600134940341172,8.202095,10.186787,12.588345
5632_12288.tiff,20.827324793880507,22.956562409672244,0.461993847719839,0.5801959067786693,10.248405,13.947546,18.815325
5632_12800.tiff,20.498801309891277,22.572443638412047,0.47117399117045056,0.5958483494575902,10.518793,14.68014,20.621695
5632_13312.tiff,20.952229702591417,23.271703251543666,0.4910017662714826,0.6149462668499438,9.732502,13.430194,18.32568
5632_13824.tiff,20.723332544933392,22.984621453794944,0.46722126335947667,0.589668198194315,10.756769,15.571952,22.608204
5632_14336.tiff,20.602790602652608,22.80047437145234,0.4643547971824433,0.5885216391063786,11.3994665,17.142603,24.85189
5632_14848.tiff,20.174815617838156,22.204959155696,0.464569127963315,0.5888101834232892,10.947422,16.1776,25.458086
5632_1536.tiff,20.29390659390816,21.970394829189175,0.42150207834861125,0.5081090624999706,13.107678,17.204275,25.96344
5632_15360.tiff,21.005979926339293,23.372943931375172,0.47297968202225715,0.6101313540207909,10.550796,15.753579,22.124405
5632_15872.tiff,21.38283652627694,23.756840204075335,0.521619467264569,0.6445719271691165,9.736467,13.949373,19.282774
5632_16384.tiff,21.48299789229563,23.820432841062072,0.5454432443959477,0.6605809125845484,9.11884,12.557055,17.736498
5632_16896.tiff,22.309802328914515,24.93269735642673,0.5094608791418366,0.6630693696355644,9.6055565,13.822651,18.030695
5632_17408.tiff,22.36636899362779,24.92187165764042,0.5356825182629591,0.6604040197895117,9.913661,14.132168,19.977215
5632_17920.tiff,22.055974969187634,24.414522424861037,0.5184231886809884,0.6384212041563392,10.593855,15.097074,21.587753
5632_18432.tiff,22.066896043814772,24.370218343488332,0.5048119404020408,0.6283350849467755,10.740744,15.223528,23.334856
5632_18944.tiff,22.542855425408895,24.875369876537935,0.5374118597142882,0.6528093278379458,9.406595,12.785977,17.848696
5632_19456.tiff,22.336460148015675,24.664704495394712,0.5178681467131884,0.6227337155695694,11.764791,16.960155,23.651993
5632_19968.tiff,22.552936870730417,24.852843174512845,0.5483639209705486,0.6487747496297621,11.4632,16.449272,22.698526
5632_2048.tiff,19.438140810967933,20.777916902109453,0.4126476963487995,0.5062873685066446,13.063561,16.92501,28.550774
5632_20480.tiff,22.30688389480516,24.57956321523735,0.49209122344487216,0.6175269817264547,12.16533,17.87222,22.3638
5632_20992.tiff,23.901950019994587,25.487520179026856,0.6716316008120067,0.8063970918764167,2.2976058,2.5008073,2.4339154
5632_21504.tiff,23.37636799491846,25.13104441483047,0.5979960565829033,0.7522068560255147,3.1546643,3.5206199,3.2059999
5632_22016.tiff,22.952953845603634,25.140112227475303,0.5309172380670097,0.6738549538757,5.2268314,6.1749945,6.559887
5632_22528.tiff,21.43108074729807,23.150502901049833,0.4729606638670481,0.6067315248997311,8.634626,11.246052,19.153782
5632_23040.tiff,24.058228997203607,26.28307756313471,0.5811448789549141,0.7436070988643934,3.3323522,3.7972374,4.355752
5632_23552.tiff,23.76490835031495,25.800503199600907,0.5617486948617189,0.7502816308159277,3.184212,3.5990212,3.7036698
5632_24064.tiff,23.801206126664177,26.184378927732155,0.5587383751088089,0.7160398484200293,3.9233305,4.543911,5.156008
5632_24576.tiff,23.230891178179043,25.93514888051555,0.498901992495962,0.660290218902467,7.2293887,9.201117,10.07679
5632_25088.tiff,22.968726741730976,25.383126333423206,0.5000088423230348,0.6502278043660251,5.360904,6.467539,7.924292
5632_2560.tiff,20.00541906921068,21.594827993293634,0.3898813244547148,0.4908867709694279,15.3757925,21.25271,36.63887
5632_3072.tiff,19.775971582799677,21.20860134160317,0.4350998815425646,0.5296502126734821,11.994147,15.141902,21.76432
5632_3584.tiff,18.935134058184378,20.10487047559126,0.46019181308727003,0.5378588398853574,12.446745,15.792095,20.587511
5632_4096.tiff,19.112596519792532,20.19994485566015,0.5660093960976083,0.6246151795199114,8.220361,9.215957,9.492769
5632_4608.tiff,20.041754894705754,21.17791304499331,0.6511043890493265,0.6970038800443343,7.730178,8.452749,8.5508795
5632_512.tiff,18.626266426652744,19.804209445585258,0.4113477240414912,0.4880268343594417,11.384611,14.173497,26.973759
5632_5120.tiff,19.23914898399636,20.00173918851899,0.7231446775262105,0.7511779699306016,8.48702,9.243524,9.354077
5632_5632.tiff,19.956886335981373,20.815751381476296,0.7204340262013197,0.7512031284660698,8.186497,8.996475,8.755261
5632_6144.tiff,19.98201569416185,20.69822626419103,0.7548595076530662,0.7776353362841502,7.7837787,8.508154,7.6719747
5632_6656.tiff,20.21744758171461,20.963700029335133,0.7423437984323584,0.766329610370221,7.6349425,8.394305,7.7455735
5632_7168.tiff,20.53243132639945,21.314275935895157,0.7367823895006583,0.761464912938755,7.6921673,8.4806795,8.036184
5632_7680.tiff,19.846430681009455,20.791022222865916,0.599660680791569,0.649384941479565,7.376923,8.188533,7.207338
5632_8192.tiff,20.083490505177238,21.34286157061951,0.5103222481442747,0.5938735343553517,13.014596,17.285984,21.332125
5632_8704.tiff,21.518895950505296,23.131211182070984,0.5781627293402322,0.6483680307638064,11.010838,14.075272,16.503208
5632_9216.tiff,21.607546409976734,23.13815179446265,0.6116598216749658,0.6789638491354082,7.993539,9.438823,10.591945
5632_9728.tiff,20.558533046444847,21.756527914219248,0.6634007891042711,0.7098482040020555,8.500163,9.818019,11.182336
